created_at,streamed_on
2023-01-30 16:05:02+00:00,0
2023-01-31 16:05:02+00:00,0
2023-02-04 16:05:02+00:00,0
2023-02-06 16:05:02+00:00,0
2023-02-10 16:05:02+00:00,0
2023-02-11 16:05:02+00:00,0
2023-02-15 16:05:02+00:00,0
2023-02-19 16:05:02+00:00,0
2023-02-21 16:05:02+00:00,0
2023-02-25 16:05:02+00:00,0
2023-02-26 16:05:02+00:00,0
2023-03-02 16:05:02+00:00,0
2023-03-06 16:05:02+00:00,0
2023-03-09 16:05:02+00:00,0
2023-03-12 16:05:02+00:00,0
2023-03-16 16:05:02+00:00,0
2023-03-19 16:05:02+00:00,0
2023-03-23 16:05:02+00:00,0
2023-03-25 16:05:02+00:00,0
2023-03-27 16:05:02+00:00,0
